modelo,conjunto,accuracy,f1,auc
Baseline (Dummy),Validación,0.33,0.1637593984962406,
Árbol de Decisión,Validación,0.64,0.6425328874024526,0.7764880144730891
Random Forest,Validación,0.62,0.619129668400081,0.8115513342379015
Arbol de Decision,Test,0.59,0.5989015637984437,0.7444561284486657
Random Forest,Test,0.61,0.6070021321961621,0.7662245590230665
