modelo,conjunto,accuracy,f1,auc
Baseline (Dummy),Validacion,0.46835443037974683,0.2987778262767351,
Árbol de Decisión,Validacion,0.8734177215189873,0.8680089950217968,0.9013670431153116
Random Forest,Validacion,0.8354430379746836,0.8076942897629993,0.963757814247425
Arbol de Decision,Test,0.810126582278481,0.8116234198845791,0.8636198209878649
Random Forest,Test,0.8354430379746836,0.7975256913509461,0.9711645266338365
