modelo,conjunto,accuracy,f1,auc
Baseline (Dummy),Validación,0.725,0.6094202898550724,
Árbol de Decisión,Validación,0.7416666666666667,0.7276243888409548,0.5863810518982933
Random Forest,Validación,0.7666666666666667,0.7482676224611708,0.7089864158829676
Arbol de Decision,Test,0.675,0.6700161420500403,0.59717868338558
Random Forest,Test,0.725,0.6895341382626349,0.6746778126088471
