modelo,conjunto,accuracy,f1,auc
Baseline (Dummy),Validación,0.5375,0.37581300813008134,
Árbol de Decisión,Validación,0.78125,0.7814807940291509,0.7985543683218101
Random Forest,Validación,0.8,0.800250626566416,0.8799497171590194
Arbol de Decision,Test,0.85625,0.8564469101013659,0.8846637335009429
Random Forest,Test,0.86875,0.8688066643117862,0.9415461973601508
