modelo,conjunto,accuracy,f1,auc
Baseline (Dummy),Validación,0.51,0.34450331125827816,
Árbol de Decisión,Validación,0.75,0.7491206913878002,0.749499799919968
Random Forest,Validación,0.74,0.7397916666666666,0.8239295718287315
Arbol de Decision,Test,0.65,0.6494745270743669,0.6942777110844337
Random Forest,Test,0.78,0.7798239295718287,0.8507402961184474
